{
  "version": 1,
  "author": "Maryam Munawar",
  "editor": "wokwi",
  "parts": [
    {
      "type": "board-esp32-s3-devkitc-1",
      "id": "esp",
      "top": -0.18,
      "left": -5.03,
      "attrs": { "env": "micropython-20231227-v1.22.0", "flashSize": "8" }
    },
    { "type": "wokwi-dht22", "id": "dht1", "top": -38.1, "left": -187.8, "attrs": {} },
    {
      "type": "board-ssd1306",
      "id": "oled1",
      "top": 262.34,
      "left": -172.57,
      "attrs": { "i2cAddress": "0x3c" }
    },
    {
      "type": "wokwi-pushbutton",
      "id": "btn1",
      "top": 169.4,
      "left": 211.2,
      "attrs": { "color": "green", "xray": "1" }
    }
  ],
  "connections": [
    [ "esp:TX", "$serialMonitor:RX", "", [] ],
    [ "esp:RX", "$serialMonitor:TX", "", [] ],
    [ "dht1:SDA", "esp:4", "green", [ "v28.8", "h96.1", "v-38.4", "h72.28" ] ],
    [ "esp:5V", "oled1:VCC", "red", [ "h-53.08", "v-0.18", "h-76.95" ] ],
    [ "esp:8", "oled1:SDA", "green", [ "h-105.65", "v134.4" ] ],
    [ "esp:9", "oled1:SCL", "green", [ "h-115.25", "v105.6" ] ],
    [ "esp:GND.1", "oled1:GND", "black", [ "h-134.45", "v38.4" ] ],
    [ "dht1:VCC", "esp:5V", "red", [ "v105.6", "h134.4", "v38.4" ] ],
    [ "dht1:GND", "esp:GND.1", "black", [ "v96", "h124.8", "v57.6" ] ],
    [ "btn1:2.l", "esp:GND.4", "green", [ "h-48", "v29" ] ],
    [ "btn1:1.l", "esp:0", "green", [ "h-38.4", "v-28.8" ] ]
  ],
  "dependencies": {}
}